52601934541736260341,Кузнецов,Степан,Бориславович,1963-10-26,1721808935,Мухин Фортунат Архипович,Не в работе
51201937916766592842,Ильина,Нина,Робертовна,1952-12-11,5123553163,Пономарева Зинаида Леонидовна,Завершено
52302784819355475406,Зыков,Ярополк,Вилорович,1959-04-15,6922106580,Фока Витальевич Нестеров,Отказ
41104566061031344114,Хохлов,Тихон,Фокич,1964-09-26,1689151498,Самсон Валентинович Комиссаров,Отказ
51101096545520200376,Рыбакова,Ангелина,Кирилловна,1985-04-06,0802166120,г-жа Фадеева Лариса Владимировна,Не в работе
40103752876963642825,Панфилова,Елена,Ивановна,1971-09-12,8046558748,Лыткина Алла Георгиевна,Завершено
51503052861037631918,Соболев,Моисей,Игоревич,2003-10-09,6892341657,Фомичева Майя Ниловна,Отказ
30803963069121083159,Морозов,Глеб,Теймуразович,2003-07-25,6379800060,Фока Витальевич Нестеров,Завершено
31302036090601547172,Морозов,Всеволод,Фадеевич,1948-03-16,4729024864,Марк Алексеевич Титов,Завершено
30404270064531455678,Веселов,Афиноген,Власович,1978-03-28,5588300310,Антонин Антонович Игнатьев,Завершено
40403947475233158657,Архипова,Вероника,Святославовна,1946-11-18,7814153954,Самсон Валентинович Комиссаров,Отказ
51401496873661168142,Медведев,Осип,Феоктистович,1949-12-10,9160341982,Севастьян Измаилович Игнатов,Завершено
51203516439408945548,Зуева,Валентина,Тарасовна,1958-04-08,4678566721,Нонна Владиславовна Тихонова,Не в работе
31003646716490957540,Лебедева,Юлия,Тимофеевна,1969-04-25,7126159088,Лыткина Алла Георгиевна,Завершено
10701952664535967394,Кудряшов,Феликс,Григорьевич,1951-12-20,0153733252,Марк Алексеевич Титов,Не в работе
10601208330630186466,Карпова,Алла,Константиновна,1947-04-28,1295439593,Антонин Антонович Игнатьев,Не в работе
30402941761989455800,Шилов,Арефий,Артёмович,1949-05-19,2260436434,Беспалов Святополк Дорофеевич,Отказ
50402788356722535409,Максимов,Петр,Аверьянович,1980-02-10,1946546421,Мухин Фортунат Архипович,Отказ
30903478952761889935,Никонов,Любомир,Иосифович,1958-07-09,6098826313,Нонна Владиславовна Тихонова,Завершено
40204356358568349835,Рогова,Ангелина,Ефимовна,1991-01-01,4655975333,Князева Валерия Геннадьевна,Завершено
40603152843050819949,Макаров,Дементий,Ермолаевич,1989-01-27,2380015100,Ситникова Василиса Матвеевна,Не в работе
41203230955946045268,Гаврилова,Наина,Аркадьевна,1960-01-19,3333708074,Синклитикия Николаевна Муравьева,Отказ
50101704118892896629,Шаров,Милий,Харламович,1978-07-31,8107191232,Фока Витальевич Нестеров,Завершено
32301376374470398085,Красильников,Клавдий,Изотович,1943-05-24,2357584370,Самсон Валентинович Комиссаров,Завершено
20403400786410539835,Копылова,Марина,Федоровна,1959-07-29,3912696172,Севастьян Измаилович Игнатов,Отказ
31901048398291883249,Денисов,Варлаам,Бориславович,2001-05-01,8929759687,Мухин Фортунат Архипович,Завершено
31604496832025558477,Сазонов,Евстафий,Яковлевич,2005-08-17,1419121710,Фомичева Майя Ниловна,Отказ
31102959554846492826,Архипова,София,Константиновна,1947-06-15,0513984536,Лыткина Алла Георгиевна,Не в работе
32403348333848285211,Дементьев,Мина,Елизарович,1998-06-17,1912928310,Нонна Владиславовна Тихонова,Завершено
10302978790539534603,Симонова,Вера,Аскольдовна,1959-06-26,7137522271,Севастьян Измаилович Игнатов,Завершено
50902634796763150668,Одинцов,Твердислав,Елисеевич,1981-11-02,0398433922,Борис Изотович Антонов,Завершено
31001104849511651870,Данилов,Феоктист,Еремеевич,1975-05-07,2974304433,Пахомова Алевтина Федоровна,Не в работе
51301222927515111208,Ситникова,Елизавета,Борисовна,1970-06-20,1575842935,Мухин Фортунат Архипович,Отказ
20401702826521222024,Гусева,Евдокия,Захаровна,1959-12-04,4053018873,Панкратий Денисович Титов,Не в работе
42202516150084652000,Баранов,Антонин,Валерьянович,1949-07-28,4117522920,Марфа Артемовна Носкова,Не в работе
50604188895662768712,Селиверстов,Кондрат,Ерофеевич,1975-01-05,3305005150,Мухин Фортунат Архипович,Отказ
41401953961217682212,Зуев,Савелий,Дмитриевич,1962-08-30,2264183223,Фока Витальевич Нестеров,Отказ
10703324157535851330,Потапов,Милен,Ефремович,1978-05-19,3598753153,Варвара Борисовна Громова,Завершено
10401230980869465253,Степанов,Валентин,Власович,1980-04-25,8976131280,Марфа Артемовна Носкова,Отказ
51104478036421206741,Шубин,Лука,Данилович,1995-08-16,0745997655,Фомичева Майя Ниловна,Завершено
32204036325112611264,Кулакова,Галина,Михайловна,1946-07-22,2363688105,Марк Алексеевич Титов,Завершено
32301962359859998967,Рыбакова,Анастасия,Юрьевна,1976-11-01,5622191913,Ситникова Василиса Матвеевна,Отказ
41101408302591322510,Зайцева,Тамара,Никифоровна,1991-05-05,7079459243,Денисова Екатерина Натановна,Не в работе
31404214955343900616,Николаев,Анисим,Эдгардович,1989-09-22,8017887610,Беспалов Святополк Дорофеевич,Завершено
41604752228879697997,Михайлов,Станимир,Вилорович,1961-07-03,6840738891,Ситникова Василиса Матвеевна,Завершено
52402938251063403814,Виноградов,Сильвестр,Иосифович,1995-11-09,5938236800,Марк Алексеевич Титов,Не в работе
51902752879082149681,Трофимов,Серафим,Артемьевич,1986-04-23,0885326390,Беспалов Святополк Дорофеевич,Завершено
31602136120414066336,Савельева,Глафира,Валериевна,1957-08-06,4309871829,Борис Изотович Антонов,Не в работе
42401422299107282319,Калинина,Вероника,Ивановна,1973-08-05,5424716887,Беспалов Святополк Дорофеевич,Отказ
10602352323347969781,Медведев,Моисей,Теймуразович,1969-09-24,6951105076,Пахомова Алевтина Федоровна,Отказ
51103132976133046085,Владимиров,Аркадий,Валерьянович,1973-10-13,7537740098,Лидия Мироновна Суворова,Не в работе
42102748730557310760,Смирнова,Лора,Тимофеевна,1989-01-14,1793657812,Фомичева Майя Ниловна,Отказ
30503434827890487759,Костина,Регина,Робертовна,1970-06-24,7180467027,Святополк Ильич Дорофеев,Завершено
40502364323680307853,Матвеев,Борислав,Исидорович,1957-07-04,1903823896,Самсон Валентинович Комиссаров,Не в работе
51204242279193367162,Иванова,Лукия,Альбертовна,1949-04-30,7544510786,Фомичева Майя Ниловна,Не в работе
51503558057348654792,Семенова,Мария,Геннадьевна,1962-03-26,2496669366,Станислав Марсович Михайлов,Отказ
50401756429454226209,Рябов,Гаврила,Бенедиктович,1984-03-04,4840842514,Ситникова Василиса Матвеевна,Завершено
41402446667540299329,Лыткин,Селиван,Ильясович,1972-07-02,4329203650,Юлий Валентинович Шубин,Завершено
31203408750377118376,Горбунов,Андроник,Анисимович,1984-09-25,0705473197,Антонин Антонович Игнатьев,Отказ
42202156775935147269,Стрелкова,Марина,Филипповна,1972-10-25,6723581333,Панкратий Денисович Титов,Отказ
41201938246392425459,Носов,Павел,Бориславович,1971-06-18,8498136050,г-жа Фадеева Лариса Владимировна,Не в работе
51801834774405869560,Коновалов,Евлампий,Евстигнеевич,1994-07-16,5493331013,Синклитикия Николаевна Муравьева,Не в работе
41202404385484085145,Панфилов,Митофан,Ильич,1976-08-10,8427678226,Антонин Антонович Игнатьев,Не в работе
40702060776560178133,Сазонова,Майя,Дмитриевна,1962-08-01,0479122322,Зайцева Лукия Богдановна,Не в работе
41201858913224239112,Тарасова,Наина,Петровна,1955-09-23,1075887060,Марк Алексеевич Титов,Завершено
50304192676384617069,Шубин,Варфоломей,Бенедиктович,1963-01-20,9015561421,Марфа Артемовна Носкова,Завершено
10403048325851308901,Лазарев,Прокофий,Адрианович,2000-02-13,8313014581,Фомичева Майя Ниловна,Завершено
31501981357693513574,Третьяков,Руслан,Гертрудович,1990-06-05,0893480719,Антонин Антонович Игнатьев,Отказ
31204032658783544592,Кудряшова,Нонна,Антоновна,1988-03-04,3798451791,Святополк Ильич Дорофеев,Отказ
30901764099465889346,Рыбаков,Геннадий,Вилорович,1956-02-09,2920742695,Фока Витальевич Нестеров,Не в работе
41203706951001023139,Мухин,Руслан,Ефимьевич,1949-08-04,0950847638,Князева Валерия Геннадьевна,Не в работе
30704512672114875420,Кузнецова,Елена,Матвеевна,1987-01-02,1623780061,Зайцева Лукия Богдановна,Завершено
32201943189118535676,Полякова,Раиса,Даниловна,1976-06-08,7638109594,Денисова Екатерина Натановна,Отказ
30204963711528459007,Козлова,Валентина,Афанасьевна,1993-01-15,7848154018,Мухин Фортунат Архипович,Завершено
32802504737113310085,Зайцев,Ферапонт,Власович,2000-12-15,6255784730,Святополк Ильич Дорофеев,Завершено
40303516173900876281,Сафонова,Дарья,Валентиновна,2004-08-30,2162637245,Мухин Фортунат Архипович,Не в работе
32202170752669656586,Шубин,Федосий,Иосипович,1985-05-27,9155610340,Антонин Антонович Игнатьев,Отказ
30902044732270678027,Устинов,Панфил,Бориславович,1959-11-08,3250364172,Петрова Ульяна Антоновна,Не в работе
31304404257670182857,Соболев,Филарет,Бенедиктович,1972-04-26,4648514412,Нонна Владиславовна Тихонова,Отказ
41904340662915741570,Исаева,Юлия,Алексеевна,1997-05-15,8447681065,Суворова Татьяна Леонидовна,Завершено
51501807714574144297,Гаврилов,Евстигней,Владленович,1961-03-18,2267801809,Антонин Антонович Игнатьев,Отказ
41501978834898597147,Агафонова,Ульяна,Дмитриевна,1950-11-24,1194924219,Станислав Марсович Михайлов,Отказ
30202174053987349983,Трофимов,Парамон,Владиславович,1950-11-30,3767995199,Пахомова Агафья Матвеевна,Отказ
51802434541668706929,Кулагин,Пимен,Иосипович,1955-04-10,6352339886,Марфа Артемовна Носкова,Отказ
51604600918919009142,Суханов,Ананий,Гаврилович,1981-03-18,3472500355,Пахомова Агафья Матвеевна,Завершено
50501376287620420047,Петров,Корнил,Глебович,1983-11-13,0674920678,Зайцева Лукия Богдановна,Отказ
10804554810452549714,Белова,Юлия,Наумовна,1976-11-15,8627423017,Зайцева Лукия Богдановна,Отказ
41103566513664164523,Галкина,Алина,Ниловна,1980-07-05,7496227409,Пахомова Алевтина Федоровна,Отказ
41801060359235542153,Кабанова,Пелагея,Александровна,1988-05-16,1330213263,Юлий Валентинович Шубин,Отказ
42002174159369525939,Евдокимова,Марфа,Руслановна,1987-10-28,7110674686,Лидия Мироновна Суворова,Завершено
31903756184311005893,Крюков,Яков,Феликсович,1943-10-26,5661719795,Горшкова Юлия Кирилловна,Завершено
32903512196755255842,Белов,Валерьян,Владиленович,1961-10-11,1488307018,Денисова Екатерина Натановна,Не в работе
32702818609268642145,Гущина,Ольга,Мироновна,1976-08-05,9230804267,Пахомова Алевтина Федоровна,Отказ
20401690081716499297,Гордеев,Арсений,Арсенович,1947-03-03,4717746223,Ситникова Василиса Матвеевна,Завершено
10604144138807424181,Кириллова,Таисия,Натановна,2002-11-28,7995557160,Пахомова Алевтина Федоровна,Отказ
52301454681383029538,Мамонтов,Константин,Трифонович,1990-03-14,4610102498,Мухин Фортунат Архипович,Завершено
52303116829326211631,Кондратьева,Дарья,Рубеновна,1973-12-21,4920275476,Святополк Ильич Дорофеев,Отказ
31102600202959118175,Селиверстов,Сократ,Владиленович,1978-01-26,0411395676,Лыткина Алла Георгиевна,Завершено
32003512589373947258,Потапова,Иванна,Рубеновна,1999-09-26,0352736258,Пахомова Алевтина Федоровна,Завершено
32903504683717112186,Зиновьева,Елизавета,Анатольевна,1965-06-13,3542183818,Пахомова Алевтина Федоровна,Завершено
50702156941825801246,Громова,Евпраксия,Вениаминовна,1978-07-01,5128375933,Горшкова Юлия Кирилловна,Не в работе
50203598264009845033,Ефимов,Руслан,Зиновьевич,1944-08-17,7969913358,Зайцева Лукия Богдановна,Отказ
41604760317095703555,Харитонова,Мария,Валентиновна,1987-08-01,9078723562,г-жа Фадеева Лариса Владимировна,Не в работе
50103356912276544690,Федоров,Аверьян,Дорофеевич,2005-10-18,3132142617,Пономарева Зинаида Леонидовна,Завершено
52102136944724934612,Кулагин,Павел,Арсеньевич,1950-06-19,0448277252,Нонна Владиславовна Тихонова,Отказ
10302344051750951458,Денисов,Игнатий,Васильевич,1946-02-03,1181989787,Горшкова Юлия Кирилловна,Не в работе
31703756331247145772,Ермаков,Парфен,Ермилович,1951-11-13,7391919307,Пахомова Агафья Матвеевна,Завершено
41903400679280536410,Богданова,Марина,Руслановна,1950-05-27,2835929290,Князева Валерия Геннадьевна,Завершено
31301292386882814482,Дмитриев,Сильвестр,Адрианович,1985-04-08,2122152910,Князева Валерия Геннадьевна,Отказ
10801952605917268938,Ширяев,Радован,Чеславович,1955-08-28,0667017017,Панкратий Денисович Титов,Не в работе
52404952807872638941,Гущина,Акулина,Олеговна,1990-04-21,8424213208,Панкратий Денисович Титов,Завершено
31004434412714035547,Сергеева,Лукия,Робертовна,1986-11-13,5951737757,Денисова Екатерина Натановна,Не в работе
51004962679804448714,Яковлева,Ирина,Ефимовна,1970-12-02,6604717867,Самсон Валентинович Комиссаров,Отказ
41901894826627292099,Логинова,Вера,Мироновна,1958-08-29,3198839864,Суворова Татьяна Леонидовна,Отказ
52101760490351802699,Воронова,Глафира,Леоновна,1952-07-28,3264590196,Лидия Мироновна Суворова,Завершено
50301598356644006062,Горшков,Аполлон,Анатольевич,1949-09-02,4515377580,Нонна Владиславовна Тихонова,Завершено
51302116303507617326,Богданова,Полина,Анатольевна,1990-12-18,8534936619,Панкратий Денисович Титов,Завершено
10604144150628360405,Быкова,Анастасия,Артемовна,1983-05-19,3447239034,Севастьян Измаилович Игнатов,Завершено
32502578760061238805,Дмитриев,Афиноген,Иосифович,1988-03-18,8305990519,Фомичева Майя Ниловна,Не в работе
10501360652545605848,Брагин,Платон,Тимурович,1987-05-06,3784770808,Лидия Мироновна Суворова,Завершено
10403156560130013203,Калашников,Зиновий,Борисович,1980-10-12,0611647419,Зайцева Лукия Богдановна,Завершено
52401388648374428907,Муравьев,Боян,Филатович,2004-12-28,1490318345,Мухин Фортунат Архипович,Не в работе
20402484651227304204,Маркова,Маргарита,Игоревна,1975-07-24,8458152948,Лидия Мироновна Суворова,Отказ
50204800382609533911,Лебедев,Спиридон,Фролович,1956-07-17,9032930534,Пахомова Алевтина Федоровна,Завершено
31702072164704364092,Соболев,Аполлон,Власович,2004-04-16,0889326094,Борис Изотович Антонов,Не в работе
42501858795328528215,Гришина,Марина,Игоревна,2003-07-13,6902613045,Ситникова Василиса Матвеевна,Отказ
32001096527673460405,Бобров,Иларион,Валентинович,1968-05-07,2015965647,Пономарева Зинаида Леонидовна,Не в работе
31403012755042466557,Юдина,Евпраксия,Ждановна,1969-10-18,8932455350,Станислав Марсович Михайлов,Не в работе
31502706573910860304,Матвеева,Тамара,Тимофеевна,1979-10-17,6623777533,Зайцева Лукия Богдановна,Завершено
40502498541002369852,Осипова,Нинель,Алексеевна,2002-10-19,3581084031,Беспалов Святополк Дорофеевич,Завершено
32101704727744036333,Зуева,Олимпиада,Васильевна,1966-04-23,6921478391,Петрова Ульяна Антоновна,Отказ
10304208401847463502,Корнилова,Анжелика,Валериевна,1967-10-17,3546587219,Фомичева Майя Ниловна,Не в работе
31503454801756402704,Морозов,Тит,Васильевич,1976-10-20,9045118048,Лыткина Алла Георгиевна,Не в работе
40204051249531982375,Лазарева,Наина,Федоровна,1960-12-08,2955251240,Лидия Мироновна Суворова,Не в работе
31004516966268780383,Шарапов,Карл,Харлампович,1974-11-28,2183426252,Пахомова Агафья Матвеевна,Завершено
10601170756544754324,Емельянов,Эрнест,Фомич,1951-07-10,6718215363,Пахомова Агафья Матвеевна,Завершено
32404977846326352535,Андреева,Раиса,Анатольевна,1985-02-09,3437687407,Лидия Мироновна Суворова,Не в работе
52402706627806596115,Давыдов,Эммануил,Ефстафьевич,1968-01-23,7033566500,Марфа Артемовна Носкова,Не в работе
42201462952278818471,Сидорова,Раиса,Харитоновна,1978-03-28,8177319951,Самсон Валентинович Комиссаров,Отказ
52603191060233431417,Нестерова,Лукия,Никифоровна,1961-05-13,7477159986,Панкратий Денисович Титов,Завершено
51704242070596736923,Комарова,Прасковья,Захаровна,1947-02-01,7191443846,Беспалов Святополк Дорофеевич,Не в работе
30204064387609548656,Анисимова,Елена,Кирилловна,1954-03-22,0265061577,Юлий Валентинович Шубин,Отказ
30801132957850576247,Бобылев,Лукьян,Владиславович,1976-11-07,1924224205,Ситникова Василиса Матвеевна,Завершено
40201104454941254397,Иванов,Эмиль,Игоревич,1974-12-14,1538604058,Варвара Борисовна Громова,Не в работе
42301440946496872969,Игнатьева,Марина,Рудольфовна,1957-09-27,1958470671,Станислав Марсович Михайлов,Отказ
40403496537325092476,Гущина,Клавдия,Альбертовна,1961-09-08,0966906624,Варвара Борисовна Громова,Завершено
51602959053186648715,Иванов,Остромир,Еремеевич,2005-04-04,5770450551,Севастьян Измаилович Игнатов,Не в работе
30404262089668772174,Уварова,Полина,Вадимовна,1961-05-28,6913642320,Нонна Владиславовна Тихонова,Отказ
31703643001611728601,Самсонов,Кондратий,Валерианович,1979-10-06,5351940041,Пономарева Зинаида Леонидовна,Не в работе
30503694426384278850,Дьячков,Иннокентий,Захарьевич,2004-02-05,2084799479,Варвара Борисовна Громова,Не в работе
10402764903325342583,Петров,Евлампий,Гавриилович,1963-07-06,7186263380,Самсон Валентинович Комиссаров,Завершено
30201242574767293749,Горшкова,Оксана,Аскольдовна,1947-07-23,0851197481,Марк Алексеевич Титов,Отказ
31704704921945521178,Горбачев,Нестор,Глебович,2001-03-31,8910553435,Марк Алексеевич Титов,Завершено
42103690658282924343,Петухов,Аскольд,Дмитриевич,1974-03-23,3242904265,Беспалов Святополк Дорофеевич,Отказ
30604953682507971107,Блинова,Пелагея,Ильинична,1971-10-06,4799140381,Лидия Мироновна Суворова,Завершено
31502404899091838854,Сафонова,Таисия,Петровна,1981-05-28,9215291275,Антонин Антонович Игнатьев,Не в работе
10303971764158912462,Калинина,Алина,Дмитриевна,1997-12-15,3188042244,Варвара Борисовна Громова,Завершено
50304188170574008125,Шилова,Лидия,Захаровна,2001-07-10,1795067640,Святополк Ильич Дорофеев,Отказ
42403498783141699503,Жданова,Татьяна,Вениаминовна,1946-11-18,8754973380,Юлий Валентинович Шубин,Не в работе
30703232102754308326,Лыткина,София,Вениаминовна,1990-02-19,6914143041,Панкратий Денисович Титов,Завершено
42102704152243393956,Евдокимова,Евгения,Львовна,2001-07-13,1058219779,Станислав Марсович Михайлов,Завершено
51904174905500555470,Мишина,Лора,Юрьевна,1996-10-18,6259094014,Лидия Мироновна Суворова,Отказ
30604894133066809034,Полякова,Мария,Юрьевна,1998-10-10,5255988330,Денисова Екатерина Натановна,Отказ
20404214562107704278,Федотов,Сила,Григорьевич,2004-02-29,8649879533,Варвара Борисовна Громова,Отказ
32403012012457314070,Герасимов,Светозар,Эдгардович,1968-10-07,0693528339,Мухин Фортунат Архипович,Не в работе
10901973384092346893,Потапова,Олимпиада,Робертовна,1956-07-29,2929091060,Денисова Екатерина Натановна,Не в работе
51204810239564470333,Фомин,Исай,Вячеславович,1960-12-17,2657098701,Лыткина Алла Георгиевна,Не в работе
32902949652594828126,Орлов,Радим,Венедиктович,1998-06-08,5614725382,Фока Витальевич Нестеров,Не в работе
10702504162511219733,Молчанова,Маргарита,Валентиновна,1954-01-10,1432298178,Горшкова Юлия Кирилловна,Завершено
41901352144788517152,Игнатьева,Ангелина,Сергеевна,1973-05-08,7013585818,Антонин Антонович Игнатьев,Не в работе
30103554436591988512,Щукин,Эммануил,Филиппович,1983-09-25,7801440567,Ситникова Василиса Матвеевна,Отказ
40304068952449706994,Мельникова,Ксения,Валериевна,1963-06-04,4769437956,Панкратий Денисович Титов,Завершено
40101953734285957214,Лукина,Раиса,Викторовна,1972-06-16,5371147810,Панкратий Денисович Титов,Не в работе
30101446902626972597,Кузьмин,Сильвестр,Глебович,1977-03-17,2111058987,Самсон Валентинович Комиссаров,Завершено
51702480217734552336,Фокина,Клавдия,Максимовна,1987-01-27,8208547710,Фомичева Майя Ниловна,Отказ
30703858033163503753,Комиссарова,Галина,Семеновна,1960-03-19,4134571099,Беспалов Святополк Дорофеевич,Отказ
32201970522367449958,Александров,Афанасий,Эдгарович,1979-11-24,2662456871,Антонин Антонович Игнатьев,Отказ
42501232175638371725,Самойлов,Ратибор,Афанасьевич,1975-04-16,1853210740,Севастьян Измаилович Игнатов,Завершено
52102064818773114758,Муравьева,Валерия,Григорьевна,1979-10-18,2982000809,Мухин Фортунат Архипович,Не в работе
51102938203775128889,Ефимова,Агафья,Федоровна,1953-01-06,8455496154,г-жа Фадеева Лариса Владимировна,Отказ
10503340098036913459,Кондратьева,Раиса,Юрьевна,1965-11-06,8845999234,Борис Изотович Антонов,Отказ
30602840228305813036,Лыткина,Валерия,Анатольевна,1944-02-01,0104628696,Панкратий Денисович Титов,Завершено
41402170988647357368,Ситникова,Екатерина,Руслановна,1967-12-18,4698546716,Пахомова Агафья Матвеевна,Отказ
52601188438066442560,Блинова,Евгения,Робертовна,1945-03-15,6234025202,Варвара Борисовна Громова,Не в работе
50103533720022795065,Назаров,Глеб,Афанасьевич,2002-11-02,1475052010,Пахомова Агафья Матвеевна,Не в работе
50704710384173694924,Кабанова,Ксения,Станиславовна,1947-07-06,5182454809,Пономарева Зинаида Леонидовна,Отказ
51701976784188740459,Ларионова,Синклитикия,Харитоновна,1999-06-08,2453622236,Антонин Антонович Игнатьев,Отказ
31802704516511071377,Шаров,Арефий,Арсеньевич,1951-10-25,3690229270,Борис Изотович Антонов,Завершено
41103933507255987766,Федоров,Константин,Валерианович,2000-06-18,5545144994,Фока Витальевич Нестеров,Отказ
32703780956130931030,Воронова,Регина,Григорьевна,1950-01-29,4348269801,Беспалов Святополк Дорофеевич,Завершено
32701975334685120916,Куликова,Светлана,Аркадьевна,1999-07-18,3663812771,Фока Витальевич Нестеров,Завершено
31103728010348427189,Галкина,Евгения,Кузьминична,1995-12-27,1477737072,Самсон Валентинович Комиссаров,Не в работе
52601934693220801777,Осипов,Авдей,Филиппович,1967-03-05,8775993356,Станислав Марсович Михайлов,Завершено
42501959221428319893,Костин,Тарас,Игнатович,1981-09-04,6377124770,Суворова Татьяна Леонидовна,Не в работе
31504052435795267443,Евсеева,Синклитикия,Макаровна,2003-06-28,7244516868,Марфа Артемовна Носкова,Отказ
52202810273668932862,Горбунова,Вера,Георгиевна,1973-04-02,2131388863,Зайцева Лукия Богдановна,Завершено
50103953703612605248,Константинов,Вышеслав,Феодосьевич,1973-09-25,1926946100,Фомичева Майя Ниловна,Отказ
41303048966234396669,Комиссарова,Людмила,Сергеевна,1959-08-15,8352568400,Горшкова Юлия Кирилловна,Не в работе
31201598865679278325,Суворов,Гордей,Георгиевич,1959-02-07,5047220530,Горшкова Юлия Кирилловна,Отказ
30403981187739119197,Щербаков,Велимир,Филиппович,1960-01-17,8698843032,г-жа Фадеева Лариса Владимировна,Отказ
41403136182328494881,Соколов,Аникей,Анатольевич,1996-09-15,5106730503,Пахомова Алевтина Федоровна,Отказ
51001392406516221834,Елисеева,Лидия,Яковлевна,1982-05-08,2999983321,Пахомова Агафья Матвеевна,Не в работе
31301052856013304047,Цветков,Мина,Феодосьевич,1956-07-09,8855817500,Синклитикия Николаевна Муравьева,Завершено
10402973086377778214,Ширяева,Жанна,Кирилловна,1986-09-24,7282787756,Лидия Мироновна Суворова,Не в работе
50503124620427204528,Орехов,Фока,Ильич,1981-11-22,4428837305,Пономарева Зинаида Леонидовна,Отказ
20404270751065156181,Кабанова,Ираида,Семеновна,2002-05-12,1598545777,Лыткина Алла Георгиевна,Не в работе
52103454082311523963,Сысоев,Геннадий,Терентьевич,1949-12-24,6298045155,Князева Валерия Геннадьевна,Завершено
52403458015486631827,Лобанов,Фока,Андреевич,1968-09-24,2045343280,Нонна Владиславовна Тихонова,Завершено
50902064060656757160,Лазарева,Ирина,Альбертовна,1978-04-11,4846843754,Синклитикия Николаевна Муравьева,Завершено
52203598337268131316,Стрелкова,Тамара,Мироновна,1993-10-13,5044215796,Мухин Фортунат Архипович,Завершено
32902068850134927495,Дементьев,Григорий,Тимурович,1960-01-24,4031401391,Станислав Марсович Михайлов,Отказ
10301949031869828001,Соловьев,Творимир,Викентьевич,1988-09-12,8542058252,Пахомова Алевтина Федоровна,Отказ
50103262957230136071,Лыткина,Иванна,Тимуровна,1957-07-16,6534917330,Петрова Ульяна Антоновна,Не в работе
51702230029298209107,Пономарева,Ксения,Юрьевна,1951-10-01,7835468610,Варвара Борисовна Громова,Не в работе
30504418275875444194,Нестеров,Ананий,Чеславович,2003-07-07,4830377787,Зайцева Лукия Богдановна,Отказ
50603398977064957176,Стрелков,Евсей,Дорофеевич,1972-05-29,4345530292,Святополк Ильич Дорофеев,Отказ
52002136174964947686,Зыков,Лазарь,Анатольевич,1979-03-17,4679935837,Лидия Мироновна Суворова,Не в работе
10703170576978683408,Игнатьева,Анжела,Афанасьевна,1963-05-14,8745912864,Ситникова Василиса Матвеевна,Отказ
40401704889902033692,Прохоров,Кирилл,Геннадиевич,1968-10-04,7537593990,Святополк Ильич Дорофеев,Не в работе
32301586691733109046,Агафонова,Майя,Евгеньевна,1999-11-28,1937159345,Синклитикия Николаевна Муравьева,Отказ
32803230827892445673,Соколова,Лора,Кирилловна,1952-05-11,0123664918,Лыткина Алла Георгиевна,Завершено
43001702779087295501,Никифорова,Нонна,Леонидовна,1983-02-11,2971781188,Пахомова Алевтина Федоровна,Завершено
52104392644378837265,Тимофеева,Майя,Наумовна,1983-05-27,5109459948,Суворова Татьяна Леонидовна,Отказ
51804634755038213500,Фадеев,Аникита,Викторович,1952-01-27,8106690670,Фока Витальевич Нестеров,Не в работе
51001690698147340956,Белов,Евдоким,Власович,1951-12-28,7378649556,Станислав Марсович Михайлов,Завершено
43001760564096487110,Филиппова,Регина,Васильевна,1971-09-18,0659118244,Пахомова Алевтина Федоровна,Не в работе
32504894269136975330,Веселов,Боян,Валентинович,1993-10-20,5896482343,Суворова Татьяна Леонидовна,Не в работе
40501048022356421175,Виноградов,Фома,Измаилович,1990-02-22,2842616570,Пахомова Агафья Матвеевна,Отказ
20301324922153226960,Гусева,Ия,Ждановна,1951-01-30,4473116070,Варвара Борисовна Громова,Завершено
10802392560479483783,Меркушева,Фёкла,Натановна,1980-04-06,7643619520,Святополк Ильич Дорофеев,Не в работе
10701440517302407525,Захаров,Максимильян,Димитриевич,1968-01-05,3611219610,Фомичева Майя Ниловна,Не в работе
32904084229887814485,Власова,Евдокия,Алексеевна,1997-04-14,6823779880,Мухин Фортунат Архипович,Не в работе
40804324467749911606,Агафонова,Феврония,Аскольдовна,1955-01-11,1327191958,Пономарева Зинаида Леонидовна,Не в работе
40102894068284837664,Колобова,Раиса,Степановна,2006-01-18,0612042582,Пахомова Агафья Матвеевна,Завершено
40203882310677448907,Белоусова,Наина,Алексеевна,2005-06-29,6623358356,Лидия Мироновна Суворова,Отказ
52003704230370475819,Елисеев,Савелий,Трофимович,1991-12-11,9157417656,Самсон Валентинович Комиссаров,Не в работе
40302222536780053299,Горбачев,Гордей,Эдуардович,1994-08-26,7682795430,Петрова Ульяна Антоновна,Отказ
42502946769820875181,Маслова,Вероника,Романовна,1963-06-09,0610435796,Мухин Фортунат Архипович,Завершено
42401944769131505305,Петров,Агафон,Валентинович,1948-06-18,3913443819,Панкратий Денисович Титов,Отказ
41302986462553930780,Филиппова,Алина,Николаевна,1988-02-16,0302669550,Суворова Татьяна Леонидовна,Отказ
40204950599326797184,Тихонов,Ермил,Ермолаевич,1977-08-05,1253760766,Самсон Валентинович Комиссаров,Завершено
32504364032273960847,Аксенов,Евстигней,Юлианович,1967-10-10,3407267780,Панкратий Денисович Титов,Не в работе
51601558857544911002,Кононов,Архип,Аксёнович,1952-05-07,0338273103,Севастьян Измаилович Игнатов,Не в работе
30302116144630643976,Зуева,Анжела,Рудольфовна,1959-07-18,5343582378,Горшкова Юлия Кирилловна,Завершено
51803963458121884867,Пестов,Аким,Венедиктович,1956-03-19,7074045880,Суворова Татьяна Леонидовна,Завершено
52003978227646330909,Тимофеева,Галина,Аркадьевна,1974-04-24,3525938297,Станислав Марсович Михайлов,Отказ
32902858225811060599,Михайлова,Варвара,Альбертовна,1944-01-11,8497867146,Зайцева Лукия Богдановна,Завершено
31201170594855383676,Мишина,Маргарита,Егоровна,1985-06-17,2703691789,Петрова Ульяна Антоновна,Отказ
40801776997201257015,Голубев,Любомир,Ильич,1986-11-16,3873517109,Борис Изотович Антонов,Завершено
41602980538928447890,Мясников,Захар,Абрамович,1990-11-09,8765086006,Петрова Ульяна Антоновна,Отказ
10201646172564343361,Григорьев,Лавр,Аверьянович,1967-04-28,8096290119,Мухин Фортунат Архипович,Завершено
30702090680335386935,Большаков,Назар,Демьянович,1961-04-03,6019680590,Фомичева Майя Ниловна,Завершено
42102960256744484139,Никонова,Феврония,Игоревна,1993-01-14,2459640520,Станислав Марсович Михайлов,Не в работе
40101052034175781356,Калинин,Клавдий,Терентьевич,1966-11-17,7862239295,Беспалов Святополк Дорофеевич,Не в работе
30602214768595100865,Назаров,Филипп,Филимонович,1975-06-07,6695353861,г-жа Фадеева Лариса Владимировна,Не в работе
40304840964844814459,Беспалов,Семен,Феоктистович,1991-12-22,5710588033,Пономарева Зинаида Леонидовна,Не в работе
31202434525239269769,Меркушев,Азарий,Гавриилович,1951-07-01,1441436201,Марк Алексеевич Титов,Отказ
31502937850764886535,Новикова,Анжела,Максимовна,1996-02-03,6615336334,Синклитикия Николаевна Муравьева,Отказ
51503776941336849174,Овчинников,Еремей,Вячеславович,1984-05-17,2142565521,г-жа Фадеева Лариса Владимировна,Завершено
30203706790361019165,Стрелков,Спиридон,Григорьевич,1975-05-07,5795378988,Марк Алексеевич Титов,Отказ
51301404198493171583,Федотова,Анастасия,Богдановна,1947-06-15,2574715598,Синклитикия Николаевна Муравьева,Завершено
51903434327580833757,Пахомова,Зинаида,Аскольдовна,2004-03-02,4478959115,Лидия Мироновна Суворова,Не в работе
20401690965654233007,Павлов,Лучезар,Власович,1983-05-19,1897550920,Пономарева Зинаида Леонидовна,Отказ
31503971002097534476,Кудряшова,Жанна,Александровна,1965-09-18,5544824443,Беспалов Святополк Дорофеевич,Не в работе
40701104672232406086,Карпова,Евпраксия,Руслановна,1960-09-21,3456018602,Лидия Мироновна Суворова,Отказ
10201578315959584311,Авдеев,Мечислав,Фёдорович,1989-02-19,5442781832,Горшкова Юлия Кирилловна,Отказ
31603376043128400478,Ефремов,Мечислав,Чеславович,1957-04-16,2756329332,г-жа Фадеева Лариса Владимировна,Завершено
52003985177746266293,Шилова,Жанна,Григорьевна,1964-06-13,0182511053,Марфа Артемовна Носкова,Завершено
41303682984444945702,Громова,Лукия,Натановна,1947-09-12,6872088847,Варвара Борисовна Громова,Не в работе
31304554882052001030,Селезнев,Сила,Федосьевич,2005-04-07,5888207914,Антонин Антонович Игнатьев,Завершено
30304764739090932766,Лебедев,Силантий,Адамович,1997-05-01,1390953008,Петрова Ульяна Антоновна,Не в работе
32001203327415703376,Гришина,Вера,Валериевна,1954-11-30,0788448836,Ситникова Василиса Матвеевна,Отказ
41103533416395327481,Лазарев,Климент,Ермолаевич,1969-05-29,1819698742,Самсон Валентинович Комиссаров,Завершено
30602694238145104135,Зиновьева,Анжелика,Филипповна,1946-11-23,4332906325,г-жа Фадеева Лариса Владимировна,Завершено
50803948433677556775,Панова,Анжела,Вячеславовна,1970-02-27,4115756087,Фомичева Майя Ниловна,Не в работе
10703894073388954487,Андреев,Давыд,Евстигнеевич,1965-05-25,6701439284,Горшкова Юлия Кирилловна,Не в работе
42101388327744551765,Русакова,Агата,Георгиевна,1945-01-13,7290910749,Лыткина Алла Георгиевна,Завершено
51201052236949934523,Кудряшова,Анна,Валентиновна,1998-02-04,9042429398,Станислав Марсович Михайлов,Не в работе
41303980842897660822,Крюкова,Марфа,Руслановна,1984-05-28,8739138755,Пахомова Алевтина Федоровна,Не в работе
42202480791653468010,Сафонов,Олимпий,Владиславович,2004-06-29,5526036753,Синклитикия Николаевна Муравьева,Отказ
32104634190973066010,Никитина,Эмилия,Леоновна,1981-09-10,4175087384,Пахомова Агафья Матвеевна,Завершено
50902144259001112978,Муравьев,Никита,Всеволодович,2000-02-08,0961460054,Ситникова Василиса Матвеевна,Не в работе
41403324115227098659,Дьячкова,Василиса,Антоновна,1944-03-06,3947527538,Нонна Владиславовна Тихонова,Отказ
31104780278524090883,Павлов,Соломон,Геннадиевич,1961-04-27,8246603035,Мухин Фортунат Архипович,Отказ
31502558249686449218,Аксенов,Потап,Всеволодович,1983-10-20,9115706776,Князева Валерия Геннадьевна,Не в работе
30404208526479140264,Бурова,Анастасия,Федоровна,1987-06-20,2094546678,Лыткина Алла Георгиевна,Не в работе
10301388044932856670,Лыткина,Регина,Вениаминовна,1973-09-19,7286938861,Беспалов Святополк Дорофеевич,Завершено
10404480315890653825,Горшков,Яков,Филатович,1987-02-08,0701636891,Нонна Владиславовна Тихонова,Отказ
10902788834404127177,Белоусова,Лора,Львовна,2005-10-07,8159787058,Станислав Марсович Михайлов,Отказ
31904064944909442421,Пономарева,Таисия,Станиславовна,1951-12-11,1070154165,Пахомова Алевтина Федоровна,Не в работе
51603972742524225048,Князев,Сила,Ермолаевич,1996-08-14,8911119830,Фомичева Майя Ниловна,Завершено
30904388109927615434,Маслова,Синклитикия,Эльдаровна,1947-09-14,2942754951,Пахомова Алевтина Федоровна,Отказ
41203548905648917154,Шилов,Селиван,Вячеславович,1997-06-13,1660046194,Князева Валерия Геннадьевна,Завершено
52504524652934251064,Давыдов,Святополк,Анисимович,1978-10-15,8557308498,Станислав Марсович Михайлов,Не в работе
20303586948261124904,Тихонов,Велимир,Игнатьевич,1994-05-19,3233687078,Суворова Татьяна Леонидовна,Отказ
52102985077570751356,Зуева,Раиса,Анатольевна,1975-04-30,7171316078,Пахомова Агафья Матвеевна,Отказ
51102454431874153434,Белякова,Ирина,Сергеевна,1968-02-23,1587402921,Синклитикия Николаевна Муравьева,Не в работе
32504780260605544071,Гуляев,Фрол,Фокич,1974-11-24,8091250641,Беспалов Святополк Дорофеевич,Не в работе
31402132393270004151,Ковалева,Ия,Ниловна,1955-10-07,3860222080,Марфа Артемовна Носкова,Не в работе
10603052798410324521,Шарова,Ираида,Геннадьевна,1999-05-26,8669093226,Борис Изотович Антонов,Завершено
31702344310554175988,Шаров,Панкрат,Герасимович,1967-08-08,8920804085,Антонин Антонович Игнатьев,Завершено
31201051839427626293,Селезнева,Иванна,Яковлевна,1961-06-22,0590163823,Пономарева Зинаида Леонидовна,Отказ
51101328710164911392,Фадеева,Валентина,Егоровна,1957-06-25,6270904216,Самсон Валентинович Комиссаров,Не в работе
51703999999228917048,Соболева,Ольга,Викторовна,1965-09-09,4119576222,Антонин Антонович Игнатьев,Завершено
32004232774596309983,Игнатов,Иван,Фёдорович,1993-03-20,5412039341,Борис Изотович Антонов,Не в работе
52303400318607497261,Васильев,Спартак,Аверьянович,1971-06-20,6032093312,Святополк Ильич Дорофеев,Отказ
31504533885450799502,Ситников,Всеслав,Артемьевич,1954-10-10,2850155669,Лидия Мироновна Суворова,Завершено
42303706806304762683,Молчанова,Ольга,Эдуардовна,1981-07-19,1729211675,Пахомова Алевтина Федоровна,Не в работе
30603324672336118158,Марков,Спиридон,Ермолаевич,1969-04-25,7322661544,Борис Изотович Антонов,Не в работе
40101558507210887021,Федотова,София,Рубеновна,2003-07-13,3591443755,Юлий Валентинович Шубин,Завершено
42101694528921255127,Зиновьев,Мартьян,Ааронович,1979-12-22,0401138510,Панкратий Денисович Титов,Завершено
51402051221559650644,Шашкова,Галина,Георгиевна,1998-05-10,4849953586,Антонин Антонович Игнатьев,Не в работе
30202360959119475134,Исаева,Екатерина,Артемовна,1960-01-26,2443351925,Синклитикия Николаевна Муравьева,Отказ
31404800370166933512,Шестакова,Ксения,Валериевна,1992-05-18,9254740076,Фомичева Майя Ниловна,Не в работе
41701776633245896990,Фомичева,Таисия,Егоровна,2002-01-05,4797727671,Антонин Антонович Игнатьев,Завершено
50702052018629061079,Орехова,Антонина,Борисовна,2005-04-27,6034258577,Пономарева Зинаида Леонидовна,Отказ
10304800387052713024,Зуев,Борислав,Якубович,1996-05-18,8279742676,Нонна Владиславовна Тихонова,Не в работе
32102414570816883016,Кабанова,Алевтина,Ефимовна,1991-07-27,0836666629,Горшкова Юлия Кирилловна,Отказ
10503604046908575690,Шубин,Исидор,Ануфриевич,1979-07-27,8084144723,Зайцева Лукия Богдановна,Не в работе
42103947952679889873,Исаков,Яков,Даниилович,1982-11-06,1812534022,Синклитикия Николаевна Муравьева,Отказ
20403446392264321690,Горшкова,Екатерина,Рубеновна,1989-12-18,5544172220,Князева Валерия Геннадьевна,Отказ
51803152146069201811,Зиновьева,Василиса,Тимуровна,1946-04-14,2484433091,Борис Изотович Антонов,Не в работе
32904962164809085036,Панова,Милица,Ивановна,1987-10-01,4046471225,Юлий Валентинович Шубин,Отказ
41803710329504779220,Мамонтов,Стоян,Анисимович,1978-09-27,7775462392,Горшкова Юлия Кирилловна,Отказ
41702524552465205751,Зайцева,Екатерина,Никифоровна,1977-11-02,1832517201,Самсон Валентинович Комиссаров,Отказ
52402936892354377395,Елисеев,Галактион,Якубович,1951-07-19,2744554380,Фомичева Майя Ниловна,Завершено
10702756076685045356,Суханов,Христофор,Феликсович,2005-04-28,2069511343,Станислав Марсович Михайлов,Отказ
32604756083317688267,Громов,Всеволод,Давидович,1974-12-04,7265983567,Юлий Валентинович Шубин,Не в работе
32401398797246657510,Лаврентьева,Агафья,Владиславовна,1987-09-27,5488379108,Лыткина Алла Георгиевна,Не в работе
42204752572300382137,Чернова,Клавдия,Аркадьевна,1989-02-12,6413799562,Севастьян Измаилович Игнатов,Отказ
31803807752595687550,Федосеев,Карл,Ильясович,1998-08-02,4628343744,Станислав Марсович Михайлов,Не в работе
51004834771261350462,Кудрявцева,Фёкла,Тимофеевна,2004-01-10,5003184764,Суворова Татьяна Леонидовна,Отказ
31702968395862049663,Горбачев,Сигизмунд,Валерьевич,2000-09-27,1613433446,Пахомова Алевтина Федоровна,Отказ
51803434181634214000,Ершов,Георгий,Брониславович,1965-05-19,7055563492,Беспалов Святополк Дорофеевич,Отказ
32503084448334105997,Блинов,Всемил,Харлампьевич,1988-07-15,0792862260,Пахомова Агафья Матвеевна,Завершено
32901156524907663549,Никитин,Руслан,Ермилович,1994-01-04,2004697594,Лидия Мироновна Суворова,Завершено
52203400935413653130,Сорокин,Агап,Гаврилович,2000-11-24,6627574090,Фомичева Майя Ниловна,Не в работе
10602484153608205269,Федосеева,Евгения,Григорьевна,1996-10-30,1132504609,г-жа Фадеева Лариса Владимировна,Не в работе
51901498653851988753,Самойлова,Елизавета,Вадимовна,1994-06-05,0744951986,Панкратий Денисович Титов,Отказ
10403998316648959422,Нестерова,Агата,Даниловна,1997-04-14,3480827266,Фока Витальевич Нестеров,Отказ
20402152979179809103,Герасимова,Марина,Романовна,1989-05-01,5518177158,Марк Алексеевич Титов,Отказ
10901320078876046101,Суворов,Филимон,Ануфриевич,1971-01-31,6074921590,Марфа Артемовна Носкова,Отказ
50804985403330541084,Васильев,Никита,Егорович,1984-03-22,5941261620,Петрова Ульяна Антоновна,Завершено
51304840785522263987,Егорова,София,Робертовна,1986-04-23,4905658756,Нонна Владиславовна Тихонова,Отказ
51302440629322438592,Новикова,Елена,Владиславовна,1984-06-03,4033431680,Нонна Владиславовна Тихонова,Отказ
41601090646032079037,Галкина,Елена,Архиповна,2000-09-03,7929876759,Святополк Ильич Дорофеев,Завершено
30703238913040476084,Мясников,Федор,Артёмович,1977-02-13,2275231119,Фока Витальевич Нестеров,Не в работе
51703156958153630063,Ситникова,Зинаида,Андреевна,1991-07-26,6805354243,Зайцева Лукия Богдановна,Отказ
30904116898988537216,Лебедев,Фока,Ермолаевич,1979-02-07,6633159663,Князева Валерия Геннадьевна,Отказ
30103682891938534180,Русакова,Марина,Григорьевна,1988-11-06,3466218505,Борис Изотович Антонов,Отказ
30202462567891086069,Соловьева,Лидия,Артемовна,1951-11-05,0250507393,Лидия Мироновна Суворова,Завершено
31201961490958474886,Фокин,Тимур,Даниилович,1988-10-16,1549637834,Нонна Владиславовна Тихонова,Отказ
41203997170468030788,Ершова,Алла,Кузьминична,1988-11-25,2638717681,Ситникова Василиса Матвеевна,Завершено
32001643251747117541,Молчанов,Антонин,Артемьевич,1955-09-05,2777512378,Зайцева Лукия Богдановна,Завершено
31601533548672517073,Большаков,Дмитрий,Якубович,1967-02-06,9286609606,Нонна Владиславовна Тихонова,Не в работе
42303292154202272332,Новиков,Аскольд,Гаврилович,1991-01-18,0970834242,Фомичева Майя Ниловна,Отказ
10702524639981794568,Романова,Галина,Феликсовна,1945-02-14,9065015361,Антонин Антонович Игнатьев,Завершено
40101410297063530861,Кулагина,Ия,Михайловна,1965-11-17,1710664382,г-жа Фадеева Лариса Владимировна,Завершено
32504760082908209189,Бобылев,Роман,Ануфриевич,1998-03-31,2560069591,Синклитикия Николаевна Муравьева,Отказ
32901976448293850697,Шилов,Савелий,Власович,1978-09-02,3142702353,г-жа Фадеева Лариса Владимировна,Отказ
52001586777061055794,Елисеев,Велимир,Иосипович,1994-10-10,7926022477,Нонна Владиславовна Тихонова,Завершено
31003932343549589617,Лихачев,Панкратий,Гурьевич,1949-11-20,6448117267,Ситникова Василиса Матвеевна,Отказ
51804124514352561213,Дорофеев,Якуб,Адрианович,2005-02-17,5976213586,Юлий Валентинович Шубин,Завершено
32203478512743457921,Потапова,Прасковья,Яковлевна,1972-06-30,2285872802,Суворова Татьяна Леонидовна,Отказ
40202971195068212887,Фролов,Данила,Ярославович,1992-03-04,9119420908,Горшкова Юлия Кирилловна,Не в работе
32001533879606278860,Силин,Борис,Валерианович,1965-10-22,7171445161,Петрова Ульяна Антоновна,Не в работе
41101894671067316237,Авдеев,Александр,Глебович,2002-06-01,2657564840,Варвара Борисовна Громова,Отказ
51001776894294840157,Мамонтов,Герасим,Иосипович,1997-07-30,6681717766,Суворова Татьяна Леонидовна,Отказ
51504840585504968527,Горбачев,Ипполит,Ефимович,1972-09-09,6228000168,Пономарева Зинаида Леонидовна,Отказ
30604961130030804441,Цветкова,Валентина,Болеславовна,1985-05-15,8797338961,Антонин Антонович Игнатьев,Завершено
51801352681529871328,Панов,Евсей,Филимонович,1962-01-12,5113363251,Петрова Ульяна Антоновна,Завершено
31404964175473576480,Игнатова,Агафья,Леоновна,2003-06-03,7919447951,Синклитикия Николаевна Муравьева,Завершено
51703364213262269744,Соловьев,Пахом,Афанасьевич,1994-01-07,1002583575,Нонна Владиславовна Тихонова,Завершено
50903108707323360620,Фролова,Любовь,Вениаминовна,1952-03-08,1279182686,Пономарева Зинаида Леонидовна,Отказ
32903756986020394201,Мартынов,Гурий,Борисович,1983-11-08,9005708033,Пономарева Зинаида Леонидовна,Отказ
31601646261955190199,Дмитриева,Людмила,Евгеньевна,1992-10-13,2674405720,Панкратий Денисович Титов,Не в работе
41404986118002501481,Суворов,Радислав,Марсович,1973-07-18,9018229920,Беспалов Святополк Дорофеевич,Завершено
32901558874081927911,Ермаков,Автоном,Григорьевич,1953-06-10,0649164273,Фомичева Майя Ниловна,Завершено
10302818721076269038,Степанов,Бажен,Антонович,1964-12-01,7529541412,Марфа Артемовна Носкова,Не в работе
52203048028287409849,Григорьева,Марфа,Станиславовна,1960-01-03,2807482927,Самсон Валентинович Комиссаров,Не в работе
32002104417326767502,Константинов,Еремей,Филиппович,1989-01-30,1133959736,Марфа Артемовна Носкова,Завершено
31501434812790847085,Осипов,Пахом,Дмитриевич,1999-11-27,2090856460,Нонна Владиславовна Тихонова,Не в работе
50501051716195459729,Быкова,Прасковья,Натановна,1955-10-23,6637052390,Синклитикия Николаевна Муравьева,Отказ
42301068298169213499,Павлова,Ирина,Яковлевна,1993-12-31,5667220000,Севастьян Измаилович Игнатов,Не в работе
32701348345800219612,Муравьев,Герасим,Димитриевич,1977-05-17,4814342032,Антонин Антонович Игнатьев,Отказ
32801946749995708904,Гущин,Лучезар,Германович,1991-01-16,7113371351,Борис Изотович Антонов,Завершено
51002144155968149872,Дьячкова,Антонина,Афанасьевна,1970-12-15,7215072142,Варвара Борисовна Громова,Отказ
30802036422334266737,Буров,Трофим,Александрович,1971-06-12,1982108110,Святополк Ильич Дорофеев,Не в работе
41104096472322811720,Игнатьев,Гурий,Евстигнеевич,1999-09-15,3210149556,Панкратий Денисович Титов,Завершено
31904975348520734969,Виноградова,Василиса,Валентиновна,1966-10-14,3535503344,Юлий Валентинович Шубин,Завершено
31201950131560414859,Молчанов,Виссарион,Валерьевич,1999-09-19,9022103292,Мухин Фортунат Архипович,Завершено
10601643835088918404,Костина,Александра,Геннадьевна,1986-12-06,7617562130,Горшкова Юлия Кирилловна,Отказ
30501324214451825875,Никитина,Варвара,Геннадиевна,1956-12-31,3246854537,Горшкова Юлия Кирилловна,Завершено
10202060963593711142,Виноградова,Ольга,Робертовна,2006-03-09,1585494998,Петрова Ульяна Антоновна,Отказ
50204462800553708200,Григорьева,Элеонора,Вадимовна,1948-06-30,8287863963,Зайцева Лукия Богдановна,Не в работе
32204678185526434715,Шаров,Алексей,Германович,1962-07-06,2213449161,Лидия Мироновна Суворова,Не в работе
51502999292856470062,Исаев,Леон,Григорьевич,1983-09-06,6162198274,Зайцева Лукия Богдановна,Не в работе
50102348315496343669,Муравьев,Софон,Георгиевич,2002-02-19,2410454795,Синклитикия Николаевна Муравьева,Завершено
20301504920797895417,Гордеев,Лаврентий,Анисимович,2000-07-30,7198788053,Марк Алексеевич Титов,Отказ
30801948166701659104,Бурова,Лидия,Вячеславовна,1970-11-27,8831811965,Севастьян Измаилович Игнатов,Завершено
30604426086666500313,Киселева,Раиса,Святославовна,1983-04-18,4621110740,Антонин Антонович Игнатьев,Не в работе
40602604317373062422,Юдин,Мартын,Абрамович,1977-10-14,2821755950,Лыткина Алла Георгиевна,Завершено
31803776726657325830,Харитонов,Авдей,Викторович,1998-06-19,2720209835,Юлий Валентинович Шубин,Не в работе
50701953933340121714,Архипов,Ярополк,Ааронович,1945-05-26,8868758690,Ситникова Василиса Матвеевна,Завершено
51001068713873555325,Одинцова,Наина,Никифоровна,1958-08-15,8384250232,г-жа Фадеева Лариса Владимировна,Завершено
41504818054812230294,Елисеева,Анастасия,Федоровна,1996-08-16,3842990266,Юлий Валентинович Шубин,Отказ
30504124950681492316,Тетерин,Леон,Власович,2005-04-27,4065243200,Юлий Валентинович Шубин,Отказ
51201533177168475736,Сазонова,Ульяна,Андреевна,1993-05-14,8661802488,Лыткина Алла Георгиевна,Отказ
41701756393103325430,Николаев,Николай,Фролович,1950-05-13,8384503363,Суворова Татьяна Леонидовна,Завершено
50303328710234251483,Федотов,Ратмир,Анисимович,1970-05-08,1722432795,Нонна Владиславовна Тихонова,Отказ
10603748388884650928,Романова,Майя,Григорьевна,2002-03-14,0183330028,Петрова Ульяна Антоновна,Не в работе
51403972354844223796,Гущина,Светлана,Матвеевна,2005-10-17,8891621327,Суворова Татьяна Леонидовна,Не в работе
10604985436916321596,Харитонов,Будимир,Артёмович,1997-07-05,0337779070,Нонна Владиславовна Тихонова,Завершено
20304462149321396160,Колесникова,Агафья,Вениаминовна,1982-06-01,0516182844,Суворова Татьяна Леонидовна,Не в работе
51704558648394220134,Филатова,Мария,Борисовна,1995-03-04,4748071115,г-жа Фадеева Лариса Владимировна,Не в работе
42204704521026542106,Елисеев,Варлаам,Аверьянович,1965-11-02,0114316833,Князева Валерия Геннадьевна,Отказ
30301946253252443141,Федорова,Фёкла,Богдановна,1947-08-28,3035799710,Нонна Владиславовна Тихонова,Отказ
52002969613875350905,Юдина,Лукия,Антоновна,1980-10-29,0689896153,Панкратий Денисович Титов,Отказ
10601152433918616572,Соболев,Сократ,Евстигнеевич,1955-03-31,4420435442,г-жа Фадеева Лариса Владимировна,Отказ
41902262780456252102,Владимирова,Олимпиада,Васильевна,2001-08-29,5720066702,Самсон Валентинович Комиссаров,Завершено
30202800463523688150,Щукина,Таисия,Афанасьевна,1987-05-11,7905304713,Панкратий Денисович Титов,Не в работе
41603950952669302505,Соболева,Мария,Николаевна,1981-06-26,3240492986,Варвара Борисовна Громова,Не в работе
31901051974475551943,Одинцова,Анна,Валериевна,1961-04-13,0393905032,Марк Алексеевич Титов,Завершено
40602710394554111359,Ларионова,Лукия,Рубеновна,1979-09-30,7075642093,Пахомова Алевтина Федоровна,Не в работе
20404426535152538347,Бобров,Евграф,Харлампович,1960-02-06,6335413459,Беспалов Святополк Дорофеевич,Отказ
32602944155601637138,Попова,Марина,Афанасьевна,1984-03-24,2735444253,Зайцева Лукия Богдановна,Не в работе
52401949103302474791,Беспалов,Матвей,Арсеньевич,1976-04-14,6814473800,Юлий Валентинович Шубин,Не в работе
40501997293330628805,Рябова,Прасковья,Павловна,1982-08-06,5675322486,Денисова Екатерина Натановна,Завершено
52001634686800983972,Федосеев,Исай,Изотович,1960-11-06,5975032499,Зайцева Лукия Богдановна,Завершено
32303332781830674932,Зуев,Феофан,Тихонович,1953-05-16,4440659338,г-жа Фадеева Лариса Владимировна,Завершено
41303728810880760668,Потапов,Капитон,Жанович,1986-09-13,3737870065,Пахомова Алевтина Федоровна,Не в работе
31301072129556374521,Уварова,Маргарита,Даниловна,1990-01-04,5015440892,Фомичева Майя Ниловна,Отказ
10904586236300175711,Карпов,Елисей,Ефимович,1990-04-18,6424299586,Фомичева Майя Ниловна,Отказ
31402414751012080920,Ермакова,Фаина,Ниловна,1981-09-07,2223910705,Самсон Валентинович Комиссаров,Завершено
32303959698754367896,Наумова,Елена,Сергеевна,1981-12-22,1660561340,Варвара Борисовна Громова,Завершено
52204422234916120300,Котова,Алина,Захаровна,1964-09-19,4266840076,Фомичева Майя Ниловна,Завершено
40203104655706679236,Савин,Руслан,Давыдович,1998-02-14,1603291249,Панкратий Денисович Титов,Отказ
30901756701585141974,Фролова,Ксения,Павловна,1999-01-23,4483361673,Пахомова Агафья Матвеевна,Завершено
30604188348550878419,Игнатова,Регина,Ждановна,2000-06-21,2873817608,Беспалов Святополк Дорофеевич,Отказ
40504604829297875858,Денисова,Евдокия,Натановна,1957-02-17,9236589802,Князева Валерия Геннадьевна,Не в работе
52402400208729754142,Исаева,Юлия,Тарасовна,1998-06-15,6198611209,Пахомова Агафья Матвеевна,Не в работе
42202434819467370872,Савин,Трофим,Фокич,1946-09-28,6619475949,Зайцева Лукия Богдановна,Завершено
51001132932208606835,Щукин,Ираклий,Гурьевич,1975-12-02,3176752948,Беспалов Святополк Дорофеевич,Завершено
51302422960636389807,Степанов,Радован,Вячеславович,1967-05-06,8697428266,Юлий Валентинович Шубин,Не в работе
31504392929444773575,Аксенова,Алина,Ильинична,1951-09-13,2036293530,Борис Изотович Антонов,Отказ
40803968196683429949,Денисов,Радован,Гавриилович,1947-10-15,2579884085,Марк Алексеевич Титов,Отказ
50703968273286494719,Фролов,Кир,Богданович,1961-01-11,6354664017,Борис Изотович Антонов,Отказ
40701191170028344713,Лобанов,Ермил,Ааронович,1959-08-25,0417481530,Нонна Владиславовна Тихонова,Отказ
52603068610969549289,Шубин,Конон,Валерьянович,2006-01-01,2753956092,Станислав Марсович Михайлов,Не в работе
52303454456465518260,Субботин,Андрей,Яковлевич,1988-09-08,0402256531,Суворова Татьяна Леонидовна,Не в работе
41202124780790834760,Лихачев,Ульян,Викторович,2003-08-03,6688016826,Пахомова Алевтина Федоровна,Отказ
20403834555404446840,Доронин,Сигизмунд,Антонович,1967-03-22,1193459390,Ситникова Василиса Матвеевна,Не в работе
50204953370997538820,Новикова,Майя,Наумовна,1953-03-19,0209399443,Мухин Фортунат Архипович,Завершено
30501932826645397222,Буров,Кузьма,Феодосьевич,1976-07-24,5641406184,Борис Изотович Антонов,Завершено
32104760567684058643,Галкин,Аггей,Борисович,1988-10-21,7101638770,Петрова Ульяна Антоновна,Не в работе
52004598343660971045,Мясникова,Оксана,Вячеславовна,1953-08-21,4108813320,Князева Валерия Геннадьевна,Не в работе
50401937001864657931,Красильникова,Алевтина,Архиповна,1947-08-25,1528285469,Петрова Ульяна Антоновна,Завершено
40402959795982849103,Доронин,Максимильян,Ильич,1996-03-25,3088047143,Зайцева Лукия Богдановна,Не в работе
51303454931635724204,Турова,Анна,Архиповна,1968-04-07,3627437370,Марфа Артемовна Носкова,Не в работе
32901947430606066251,Матвеева,Синклитикия,Борисовна,1996-08-18,5428229556,Горшкова Юлия Кирилловна,Не в работе
52004634851262537323,Князева,Тамара,Рубеновна,1989-08-30,0421482141,Петрова Ульяна Антоновна,Не в работе
32304980868710971271,Буров,Арефий,Гертрудович,1974-09-20,4853833563,Святополк Ильич Дорофеев,Не в работе
10903292362765969053,Шашков,Ладислав,Георгиевич,1962-08-06,3927198927,Панкратий Денисович Титов,Не в работе
43003998065491099532,Коновалова,Пелагея,Матвеевна,1964-05-07,6579474135,Фока Витальевич Нестеров,Отказ
30404462071963156692,Корнилов,Бажен,Егорович,1945-07-30,4146959538,Суворова Татьяна Леонидовна,Отказ
42204728663534715933,Копылов,Климент,Фомич,1957-12-19,0598706670,Мухин Фортунат Архипович,Отказ
20404947568903040389,Красильникова,Пелагея,Архиповна,1970-08-24,7868129852,Севастьян Измаилович Игнатов,Отказ
31202788144872479294,Бобылева,Нонна,Сергеевна,1949-06-30,4150359484,Самсон Валентинович Комиссаров,Отказ
32501694917025475139,Лихачева,Екатерина,Леонидовна,1963-05-24,7860569876,Петрова Ульяна Антоновна,Не в работе
50903934383227488980,Симонова,Маргарита,Петровна,1943-09-09,6789917383,Пахомова Алевтина Федоровна,Не в работе
50302578166108669581,Тарасова,Елизавета,Тимофеевна,1955-06-10,1392395990,Варвара Борисовна Громова,Отказ
31701328751945164577,Харитонов,Боян,Давидович,1979-01-12,7583343000,Беспалов Святополк Дорофеевич,Не в работе
51903776701038987162,Ермакова,Агата,Филипповна,1954-01-01,2164468867,Беспалов Святополк Дорофеевич,Завершено
40804959374484679161,Громова,Светлана,Даниловна,1965-01-22,8234253851,Юлий Валентинович Шубин,Завершено
10201608708975089080,Капустина,Анжела,Кузьминична,1948-12-22,5424501176,Марк Алексеевич Титов,Отказ
40101136992420291804,Лапина,Нина,Матвеевна,1988-02-10,2528107394,Мухин Фортунат Архипович,Завершено
30501554010622125984,Нестеров,Епифан,Глебович,2001-10-28,7761157720,Горшкова Юлия Кирилловна,Не в работе
51603008368967882835,Соколова,Эмилия,Евгеньевна,1957-02-08,3252428287,Марфа Артемовна Носкова,Отказ
30803566464245248576,Селезнева,Анастасия,Викторовна,1958-09-20,5508785911,Мухин Фортунат Архипович,Завершено
30604858532647534190,Блохина,Лариса,Матвеевна,1960-06-16,1480442135,Севастьян Измаилович Игнатов,Отказ
41504404026001310471,Быков,Селиверст,Денисович,1953-01-10,7255601875,Юлий Валентинович Шубин,Завершено
32001586310489343108,Иванов,Артем,Викторович,1948-07-01,5353060557,Лидия Мироновна Суворова,Отказ
40601090308386721835,Молчанов,Георгий,Феодосьевич,1966-04-17,5104290840,Севастьян Измаилович Игнатов,Завершено
32904144401769750638,Рожков,Сила,Филимонович,1987-03-03,5843402873,Петрова Ульяна Антоновна,Не в работе
31403400022773432923,Панова,Евпраксия,Афанасьевна,1948-01-23,7778874267,Фока Витальевич Нестеров,Отказ
40202364974143426907,Кудрявцева,Полина,Сергеевна,1987-11-01,3822565489,Фомичева Майя Ниловна,Завершено
40401598451091974215,Аксенов,Радим,Богданович,1993-05-01,3533688080,Святополк Ильич Дорофеев,Отказ
50601704769926364873,Филиппова,Юлия,Ждановна,1954-10-25,4328142740,Петрова Ульяна Антоновна,Отказ
40704940317196129261,Кулакова,Анастасия,Ивановна,1978-01-19,3073504598,Ситникова Василиса Матвеевна,Завершено
40402426589304068751,Дьячков,Иларион,Димитриевич,1978-07-13,6965751626,Синклитикия Николаевна Муравьева,Завершено
40304598215400431675,Архипов,Венедикт,Бориславович,1957-05-05,4326481699,Ситникова Василиса Матвеевна,Отказ
31904951495783290877,Кабанова,Александра,Мироновна,1997-03-15,8665973967,г-жа Фадеева Лариса Владимировна,Завершено
50402961270373829353,Виноградова,Ангелина,Анатольевна,1949-05-01,4234368460,Марк Алексеевич Титов,Не в работе
31602788862801301492,Соболева,Элеонора,Аскольдовна,1971-08-06,6212457880,Беспалов Святополк Дорофеевич,Не в работе
41202324405979267153,Капустин,Игорь,Еремеевич,1946-07-28,3071603530,Марк Алексеевич Титов,Не в работе
32101320285836355210,Рыбаков,Соломон,Викторович,1980-03-02,5181811134,Нонна Владиславовна Тихонова,Не в работе
10301690013249009774,Аксенова,Вера,Павловна,1947-04-06,6015389670,Горшкова Юлия Кирилловна,Не в работе
52501434988637791887,Степанова,Варвара,Семеновна,1965-06-11,4042234618,Лыткина Алла Георгиевна,Завершено
50804985548135579863,Лобанова,Алина,Вадимовна,1973-03-31,2416602048,Лыткина Алла Георгиевна,Отказ
52104417229060333437,Королева,Юлия,Тарасовна,1988-10-17,9185492430,Пахомова Алевтина Федоровна,Не в работе
